Path,URL,Size in bytes (optional but recommended),MD5 Hash (optional but recommended),Filter Terms (optional),Overwrite (optional),Comments (optional)
docs/ATARI2600/Atari 7800 Manuals/!System Manual (Atari 7800).pdf,https://archive.org/download/mister-manuals/1986_Atari%207800.zip/1986_Atari%207800%2F%21System%20Manual%20%28Atari%207800%29.pdf,2217371,084a780d93cbcf1a9bc7acea18776426,,,!System Manual (Atari 7800).pdf
docs/ATARI2600/Atari 7800 Manuals/.High Score Cartridge (Atari 7800).pdf,https://archive.org/download/mister-manuals/1986_Atari%207800.zip/1986_Atari%207800%2F.High%20Score%20Cartridge%20%28Atari%207800%29.pdf,907569,d607049558250c1d90faca13859620d8,,,.High Score Cartridge (Atari 7800).pdf
docs/ATARI2600/Atari 7800 Manuals/Ace of Aces.pdf,https://archive.org/download/mister-manuals/1986_Atari%207800.zip/1986_Atari%207800%2FAce%20of%20Aces.pdf,1269177,b3252c033b6b007346609bf86770ce6c,,,Ace of Aces.pdf
docs/ATARI2600/Atari 7800 Manuals/Alien Brigade.pdf,https://archive.org/download/mister-manuals/1986_Atari%207800.zip/1986_Atari%207800%2FAlien%20Brigade.pdf,1198567,059d881e22169d94016a59f494b9c70a,,,Alien Brigade.pdf
docs/ATARI2600/Atari 7800 Manuals/Asteroids.pdf,https://archive.org/download/mister-manuals/1986_Atari%207800.zip/1986_Atari%207800%2FAsteroids.pdf,583453,dfc2ed544ff0f6e99ef280cda6d748cc,,,Asteroids.pdf
docs/ATARI2600/Atari 7800 Manuals/Ballblazer.pdf,https://archive.org/download/mister-manuals/1986_Atari%207800.zip/1986_Atari%207800%2FBallblazer.pdf,929267,d74e6859b23308fb3cbc514b1bf30f3f,,,Ballblazer.pdf
docs/ATARI2600/Atari 7800 Manuals/Barnyard Blaster.pdf,https://archive.org/download/mister-manuals/1986_Atari%207800.zip/1986_Atari%207800%2FBarnyard%20Blaster.pdf,560136,96508a13ad5e6abe4e8116530e50d7a7,,,Barnyard Blaster.pdf
docs/ATARI2600/Atari 7800 Manuals/Basketbrawl.pdf,https://archive.org/download/mister-manuals/1986_Atari%207800.zip/1986_Atari%207800%2FBasketbrawl.pdf,1177646,6fc9ec4cec12f566733e8827917a3846,,,Basketbrawl.pdf
docs/ATARI2600/Atari 7800 Manuals/Centipede.pdf,https://archive.org/download/mister-manuals/1986_Atari%207800.zip/1986_Atari%207800%2FCentipede.pdf,643935,75a8def5626049ccebac7b4a7951f057,,,Centipede.pdf
docs/ATARI2600/Atari 7800 Manuals/Choplifter.pdf,https://archive.org/download/mister-manuals/1986_Atari%207800.zip/1986_Atari%207800%2FChoplifter.pdf,466522,804535b9bef9d3cb0c947ce035f3bbc6,,,Choplifter.pdf
docs/ATARI2600/Atari 7800 Manuals/Commando.pdf,https://archive.org/download/mister-manuals/1986_Atari%207800.zip/1986_Atari%207800%2FCommando.pdf,491878,317839a87b92983c9f4a4ec484860a3f,,,Commando.pdf
docs/ATARI2600/Atari 7800 Manuals/Crack_ed.pdf,https://archive.org/download/mister-manuals/1986_Atari%207800.zip/1986_Atari%207800%2FCrack_ed.pdf,575129,31fed1af0331b69187a0ae6636e803a8,,,Crack_ed.pdf
docs/ATARI2600/Atari 7800 Manuals/Crossbow.pdf,https://archive.org/download/mister-manuals/1986_Atari%207800.zip/1986_Atari%207800%2FCrossbow.pdf,978011,06438ee1e160a1d3384dd5fa3724d1dc,,,Crossbow.pdf
docs/ATARI2600/Atari 7800 Manuals/Dark Chambers.pdf,https://archive.org/download/mister-manuals/1986_Atari%207800.zip/1986_Atari%207800%2FDark%20Chambers.pdf,812788,9f3474e9f5b962536b1b615221cb377e,,,Dark Chambers.pdf
docs/ATARI2600/Atari 7800 Manuals/Desert Falcon.pdf,https://archive.org/download/mister-manuals/1986_Atari%207800.zip/1986_Atari%207800%2FDesert%20Falcon.pdf,819545,71d8a759ad14ec5bf930d6383774b833,,,Desert Falcon.pdf
docs/ATARI2600/Atari 7800 Manuals/Dig Dug.pdf,https://archive.org/download/mister-manuals/1986_Atari%207800.zip/1986_Atari%207800%2FDig%20Dug.pdf,467504,1657727f171ca9f312e5f2bcd3834850,,,Dig Dug.pdf
docs/ATARI2600/Atari 7800 Manuals/Donkey Kong .pdf,https://archive.org/download/mister-manuals/1986_Atari%207800.zip/1986_Atari%207800%2FDonkey%20Kong%20.pdf,527007,f7d5107a21df00fd5be60b6f3653be85,,,Donkey Kong .pdf
docs/ATARI2600/Atari 7800 Manuals/Donkey Kong Jr..pdf,https://archive.org/download/mister-manuals/1986_Atari%207800.zip/1986_Atari%207800%2FDonkey%20Kong%20Jr..pdf,547865,d31b5ccde951ddb524c58f51a90c22e0,,,Donkey Kong Jr..pdf
docs/ATARI2600/Atari 7800 Manuals/Double Dragon.pdf,https://archive.org/download/mister-manuals/1986_Atari%207800.zip/1986_Atari%207800%2FDouble%20Dragon.pdf,966406,032ef848a1346f427bf33fc7d85ff2f3,,,Double Dragon.pdf
docs/ATARI2600/Atari 7800 Manuals/F-18 Hornet.pdf,https://archive.org/download/mister-manuals/1986_Atari%207800.zip/1986_Atari%207800%2FF-18%20Hornet.pdf,2276218,af479628c4265035cd1538627f6a20e8,,,F-18 Hornet.pdf
docs/ATARI2600/Atari 7800 Manuals/Fatal Run.pdf,https://archive.org/download/mister-manuals/1986_Atari%207800.zip/1986_Atari%207800%2FFatal%20Run.pdf,927752,1dfb28917ef0833a42f92997bea2b67d,,,Fatal Run.pdf
docs/ATARI2600/Atari 7800 Manuals/Fight Night.pdf,https://archive.org/download/mister-manuals/1986_Atari%207800.zip/1986_Atari%207800%2FFight%20Night.pdf,702005,f9ed5a54ea51546dcc71f217ec10ac0f,,,Fight Night.pdf
docs/ATARI2600/Atari 7800 Manuals/Food Fight.pdf,https://archive.org/download/mister-manuals/1986_Atari%207800.zip/1986_Atari%207800%2FFood%20Fight.pdf,592733,7e872c43c06bbb2e73fea8d2e24500e6,,,Food Fight.pdf
docs/ATARI2600/Atari 7800 Manuals/Galaga.pdf,https://archive.org/download/mister-manuals/1986_Atari%207800.zip/1986_Atari%207800%2FGalaga.pdf,564163,500507206a60f7b0d3340682af9416d4,,,Galaga.pdf
docs/ATARI2600/Atari 7800 Manuals/Hat Trick.pdf,https://archive.org/download/mister-manuals/1986_Atari%207800.zip/1986_Atari%207800%2FHat%20Trick.pdf,468156,d50961f846db7f591448ec3a2f24447a,,,Hat Trick.pdf
docs/ATARI2600/Atari 7800 Manuals/Ikari Warriors.pdf,https://archive.org/download/mister-manuals/1986_Atari%207800.zip/1986_Atari%207800%2FIkari%20Warriors.pdf,691380,adf3d6eceff7ff275aadd6b975b4e26f,,,Ikari Warriors.pdf
docs/ATARI2600/Atari 7800 Manuals/Impossible Mission.pdf,https://archive.org/download/mister-manuals/1986_Atari%207800.zip/1986_Atari%207800%2FImpossible%20Mission.pdf,1785750,6ea58c48dc7ebb4962e01f513b7afb85,,,Impossible Mission.pdf
docs/ATARI2600/Atari 7800 Manuals/Jinks.pdf,https://archive.org/download/mister-manuals/1986_Atari%207800.zip/1986_Atari%207800%2FJinks.pdf,408163,b9c0530c50f6cb97049b47c8ef6e86f5,,,Jinks.pdf
docs/ATARI2600/Atari 7800 Manuals/Joust.pdf,https://archive.org/download/mister-manuals/1986_Atari%207800.zip/1986_Atari%207800%2FJoust.pdf,528864,8dd3cbae593356c5116f97fad3dcb9ee,,,Joust.pdf
docs/ATARI2600/Atari 7800 Manuals/Karateka.pdf,https://archive.org/download/mister-manuals/1986_Atari%207800.zip/1986_Atari%207800%2FKarateka.pdf,406002,6cf5634b3dd56014498b74d57c22228d,,,Karateka.pdf
docs/ATARI2600/Atari 7800 Manuals/Klax.pdf,https://archive.org/download/mister-manuals/1986_Atari%207800.zip/1986_Atari%207800%2FKlax.pdf,824128,1a90aa3716e2b41aa4455648bbcfef6d,,,Klax.pdf
docs/ATARI2600/Atari 7800 Manuals/Kung-Fu Master.pdf,https://archive.org/download/mister-manuals/1986_Atari%207800.zip/1986_Atari%207800%2FKung-Fu%20Master.pdf,803668,d73755c9b55d82a461f78bdc89e08d8b,,,Kung-Fu Master.pdf
docs/ATARI2600/Atari 7800 Manuals/Mario Bros..pdf,https://archive.org/download/mister-manuals/1986_Atari%207800.zip/1986_Atari%207800%2FMario%20Bros..pdf,608531,fa58a82badf970431b55676cb998f11a,,,Mario Bros..pdf
docs/ATARI2600/Atari 7800 Manuals/Mat Mania Challenge.pdf,https://archive.org/download/mister-manuals/1986_Atari%207800.zip/1986_Atari%207800%2FMat%20Mania%20Challenge.pdf,751567,99f9d9cce1b285c75b8a60dc9c7bf6c9,,,Mat Mania Challenge.pdf
docs/ATARI2600/Atari 7800 Manuals/Mean 18 Ultimate Golf.pdf,https://archive.org/download/mister-manuals/1986_Atari%207800.zip/1986_Atari%207800%2FMean%2018%20Ultimate%20Golf.pdf,605306,710669b65256919d989883d1144f0408,,,Mean 18 Ultimate Golf.pdf
docs/ATARI2600/Atari 7800 Manuals/Meltdown.pdf,https://archive.org/download/mister-manuals/1986_Atari%207800.zip/1986_Atari%207800%2FMeltdown.pdf,983115,2a9891ae80e51f51f324f05c468ec56b,,,Meltdown.pdf
docs/ATARI2600/Atari 7800 Manuals/Midnight Mutants.pdf,https://archive.org/download/mister-manuals/1986_Atari%207800.zip/1986_Atari%207800%2FMidnight%20Mutants.pdf,1182251,ec43afa82c185401147c99dfaffd6e1b,,,Midnight Mutants.pdf
docs/ATARI2600/Atari 7800 Manuals/Motor Psycho.pdf,https://archive.org/download/mister-manuals/1986_Atari%207800.zip/1986_Atari%207800%2FMotor%20Psycho.pdf,562020,71d778985e8ae31c1ecb390245e558f2,,,Motor Psycho.pdf
docs/ATARI2600/Atari 7800 Manuals/Ms. Pac-Man.pdf,https://archive.org/download/mister-manuals/1986_Atari%207800.zip/1986_Atari%207800%2FMs.%20Pac-Man.pdf,440762,379bfed3cba9046fb0b8c2b7a6fc5a98,,,Ms. Pac-Man.pdf
docs/ATARI2600/Atari 7800 Manuals/Ninja Golf.pdf,https://archive.org/download/mister-manuals/1986_Atari%207800.zip/1986_Atari%207800%2FNinja%20Golf.pdf,735110,25914a2b5cb3f804bb63bc2e890dd2a9,,,Ninja Golf.pdf
docs/ATARI2600/Atari 7800 Manuals/One-on-One Basketball.pdf,https://archive.org/download/mister-manuals/1986_Atari%207800.zip/1986_Atari%207800%2FOne-on-One%20Basketball.pdf,690179,1dc509d27f3a5bc9f77ed789ff864aa8,,,One-on-One Basketball.pdf
docs/ATARI2600/Atari 7800 Manuals/Pete Rose Baseball.pdf,https://archive.org/download/mister-manuals/1986_Atari%207800.zip/1986_Atari%207800%2FPete%20Rose%20Baseball.pdf,1084444,edde1f3ba9904641388d8c8f611b615b,,,Pete Rose Baseball.pdf
docs/ATARI2600/Atari 7800 Manuals/Planet Smashers.pdf,https://archive.org/download/mister-manuals/1986_Atari%207800.zip/1986_Atari%207800%2FPlanet%20Smashers.pdf,782514,8a6d6da6a493d557ff4a5fcc5a5b0a1d,,,Planet Smashers.pdf
docs/ATARI2600/Atari 7800 Manuals/Pole Position II.pdf,https://archive.org/download/mister-manuals/1986_Atari%207800.zip/1986_Atari%207800%2FPole%20Position%20II.pdf,642735,d89b6d3625983aa897eef78f4a3b59da,,,Pole Position II.pdf
docs/ATARI2600/Atari 7800 Manuals/Rampage.pdf,https://archive.org/download/mister-manuals/1986_Atari%207800.zip/1986_Atari%207800%2FRampage.pdf,797093,fa588cc23adf77c80c86450854533e87,,,Rampage.pdf
docs/ATARI2600/Atari 7800 Manuals/RealSports Baseball.pdf,https://archive.org/download/mister-manuals/1986_Atari%207800.zip/1986_Atari%207800%2FRealSports%20Baseball.pdf,557321,9cd98e78d25c45ca3985d5c8fe41b023,,,RealSports Baseball.pdf
docs/ATARI2600/Atari 7800 Manuals/Robotron - 2084.pdf,https://archive.org/download/mister-manuals/1986_Atari%207800.zip/1986_Atari%207800%2FRobotron%20-%202084.pdf,752800,81fceff0d9b5da2f5c937efe76a728e6,,,Robotron - 2084.pdf
docs/ATARI2600/Atari 7800 Manuals/Scrapyard Dog.pdf,https://archive.org/download/mister-manuals/1986_Atari%207800.zip/1986_Atari%207800%2FScrapyard%20Dog.pdf,948937,e55a18843baec7126b224f9dd4b2142d,,,Scrapyard Dog.pdf
docs/ATARI2600/Atari 7800 Manuals/Sentinel.pdf,https://archive.org/download/mister-manuals/1986_Atari%207800.zip/1986_Atari%207800%2FSentinel.pdf,545616,0e2d2e362b40219a16ee5087517f4b53,,,Sentinel.pdf
docs/ATARI2600/Atari 7800 Manuals/Summer Games.pdf,https://archive.org/download/mister-manuals/1986_Atari%207800.zip/1986_Atari%207800%2FSummer%20Games.pdf,945647,a89038985d447944093983aa25ecbeba,,,Summer Games.pdf
docs/ATARI2600/Atari 7800 Manuals/Super Huey UH-IX.pdf,https://archive.org/download/mister-manuals/1986_Atari%207800.zip/1986_Atari%207800%2FSuper%20Huey%20UH-IX.pdf,1268754,959820f8d0c6c74ba6cabc4fe8a8bc7b,,,Super Huey UH-IX.pdf
docs/ATARI2600/Atari 7800 Manuals/Super Skateboardin_.pdf,https://archive.org/download/mister-manuals/1986_Atari%207800.zip/1986_Atari%207800%2FSuper%20Skateboardin_.pdf,853289,c44fe7e0242904f5538af7670653b59f,,,Super Skateboardin_.pdf
docs/ATARI2600/Atari 7800 Manuals/Tank Command.pdf,https://archive.org/download/mister-manuals/1986_Atari%207800.zip/1986_Atari%207800%2FTank%20Command.pdf,757586,936b83bd452933b0e67ef8991c8b6bc3,,,Tank Command.pdf
docs/ATARI2600/Atari 7800 Manuals/Title Match Pro Wrestling.pdf,https://archive.org/download/mister-manuals/1986_Atari%207800.zip/1986_Atari%207800%2FTitle%20Match%20Pro%20Wrestling.pdf,1428365,3a78b485da2d4d5b0bf135b4d60bde1e,,,Title Match Pro Wrestling.pdf
docs/ATARI2600/Atari 7800 Manuals/Tomcat - The F-14 Fighter Simulator.pdf,https://archive.org/download/mister-manuals/1986_Atari%207800.zip/1986_Atari%207800%2FTomcat%20-%20The%20F-14%20Fighter%20Simulator.pdf,1622817,ecd89a95273d1b1f2abb82dd62ea5539,,,Tomcat - The F-14 Fighter Simulator.pdf
docs/ATARI2600/Atari 7800 Manuals/Touchdown Football.pdf,https://archive.org/download/mister-manuals/1986_Atari%207800.zip/1986_Atari%207800%2FTouchdown%20Football.pdf,1012085,2786945f237f06d252763d2200bfab43,,,Touchdown Football.pdf
docs/ATARI2600/Atari 7800 Manuals/Tower Toppler.pdf,https://archive.org/download/mister-manuals/1986_Atari%207800.zip/1986_Atari%207800%2FTower%20Toppler.pdf,814589,bdeec35dc00c33e139e7aba83920684e,,,Tower Toppler.pdf
docs/ATARI2600/Atari 7800 Manuals/Water Ski.pdf,https://archive.org/download/mister-manuals/1986_Atari%207800.zip/1986_Atari%207800%2FWater%20Ski.pdf,763173,c409af5581cec96dfb78c74a369c5995,,,Water Ski.pdf
docs/ATARI2600/Atari 7800 Manuals/Winter Games.pdf,https://archive.org/download/mister-manuals/1986_Atari%207800.zip/1986_Atari%207800%2FWinter%20Games.pdf,854777,2e44249f606bbacdbd551c74170a14ec,,,Winter Games.pdf
docs/ATARI2600/Atari 7800 Manuals/Xenophobe.pdf,https://archive.org/download/mister-manuals/1986_Atari%207800.zip/1986_Atari%207800%2FXenophobe.pdf,974858,b66d4d7ae98e866ee7fda4c081e32f22,,,Xenophobe.pdf
docs/ATARI2600/Atari 7800 Manuals/Xevious.pdf,https://archive.org/download/mister-manuals/1986_Atari%207800.zip/1986_Atari%207800%2FXevious.pdf,523473,93a1ce94d4afd12104c2adc22dec5143,,,Xevious.pdf
